note_id,text_original,AF_gt,text,AF_Diagnosis_raw,AF_pr,Explanation,AF_Diagnosis
R200199,"Clinical indication for EKG:   Z79.899 - Other long term (current) drug
therapy
     
Baseline artifact.  Probable atrial flutter with conducted beats and
ventricular premature beats.  Conducted complexes have leftward axis.
Low limb lead voltage.  Right bundle-branch block.  ST-T wave abnormalities.
Since the ___ the ventricular premature beats are new.
ST-T wave abnormalities are more prominent. 
",AF,Baseline artifact.  Probable atrial flutter with conducted beats and   ventricular premature beats.  Conducted complexes have leftward axis.   Low limb lead voltage.  Right bundle-branch block.  ST-T wave abnormalities.   Since the ___ the ventricular premature beats are new.   ST-T wave abnormalities are more prominent.,Probable AFL,0.95,"The ECG report states 'Probable atrial flutter with conducted beats and ventricular premature beats'. The presence of right bundle-branch block, low limb lead voltage, and ST-T wave abnormalities further support the diagnosis of probable atrial flutter. The ventricular premature beats are new since the ___ and the ST-T wave abnormalities are more prominent.",NA
